{
  "project_info": {
    "project_number": "84550598946",
    "project_id": "dam-u4-proyecto2-19400608",
    "storage_bucket": "dam-u4-proyecto2-19400608.appspot.com"
  },
  "client": [
    {
      "client_info": {
        "mobilesdk_app_id": "1:84550598946:android:da8527901af7478ac5e57b",
        "android_client_info": {
          "package_name": "mx.edu.ittepic.dam_u4_proyecto2_19400608"
        }
      },
      "oauth_client": [
        {
          "client_id": "84550598946-20ijob14k6h40rhhb125lr3cht65gbfp.apps.googleusercontent.com",
          "client_type": 3
        }
      ],
      "api_key": [
        {
          "current_key": "AIzaSyBWFo-Q-aNuG03-V_knzZ78Q6aXdx1hp8c"
        }
      ],
      "services": {
        "appinvite_service": {
          "other_platform_oauth_client": [
            {
              "client_id": "84550598946-20ijob14k6h40rhhb125lr3cht65gbfp.apps.googleusercontent.com",
              "client_type": 3
            }
          ]
        }
      }
    }
  ],
  "configuration_version": "1"
}